date,total_generation_mwh,renewable_generation_mwh,renewable_share_pct,wind_total_mwh,solar_mwh,wind_share_pct,solar_share_pct,wind_offshore_mwh,wind_onshore_mwh
2024-01-01,1223594.0,963566.75,78.75,776791.5,38018.0,63.48,3.11,101283.75,675507.75
2024-01-02,1313537.5,969722.25,73.83,807348.5,10702.25,61.46,0.81,114717.5,692631.0
2024-01-03,1511829.0,1180260.5,78.07,999504.0,32264.75,66.11,2.13,96273.0,903231.0
2024-01-04,1297474.75,775711.25,59.79,597949.25,26356.75,46.09,2.03,65056.0,532893.25
2024-01-05,1338345.5,744858.25,55.66,566443.5,25621.0,42.32,1.91,131692.0,434751.5
2024-01-06,1152315.25,558304.0,48.45,391952.5,13241.5,34.01,1.15,138591.5,253361.0
2024-01-07,1179447.0,595256.75,50.47,423815.0,16333.5,35.93,1.38,97026.75,326788.25
2024-01-08,1494141.75,724353.5,48.48,527424.25,41129.25,35.3,2.75,118657.5,408766.75
2024-01-09,1465104.0,527104.5,35.98,289784.0,75589.75,19.78,5.16,25245.25,264538.75
2024-01-10,1453081.25,397578.0,27.36,160715.0,70612.0,11.06,4.86,20518.5,140196.5
2024-01-11,1442335.25,372983.25,25.86,141683.25,65201.0,9.82,4.52,39570.0,102113.25
2024-01-12,1448345.0,413385.25,28.54,227989.5,21011.5,15.74,1.45,94183.75,133805.75
2024-01-13,1502265.5,789430.25,52.55,619036.0,13296.5,41.21,0.89,109356.75,509679.25
2024-01-14,1507819.75,870160.25,57.71,683846.5,34536.75,45.35,2.29,126165.25,557681.25
2024-01-15,1676977.5,883812.5,52.7,707204.25,22651.5,42.17,1.35,119156.75,588047.5
2024-01-16,1581410.5,609728.0,38.56,421632.0,33751.75,26.66,2.13,88122.25,333509.75
2024-01-17,1504903.75,529636.75,35.19,357697.5,14472.0,23.77,0.96,80568.75,277128.75
2024-01-18,1399657.5,447133.25,31.95,262654.5,23482.75,18.77,1.68,85199.75,177454.75
2024-01-19,1692385.0,908253.25,53.67,719854.25,32442.5,42.53,1.92,125813.0,594041.25
2024-01-20,1541544.0,940433.0,61.01,725466.75,61247.75,47.06,3.97,126359.75,599107.0
2024-01-21,1507432.5,1093153.5,72.52,900312.75,43170.25,59.72,2.86,126755.5,773557.25
2024-01-22,1702601.5,1250751.75,73.46,1079052.5,22913.0,63.38,1.35,92094.5,986958.0
2024-01-23,1706127.5,1210619.25,70.96,1006257.75,54288.25,58.98,3.18,110019.0,896238.75
2024-01-24,1748390.75,1312531.5,75.07,1124780.5,40377.0,64.33,2.31,95576.0,1029204.5
2024-01-25,1451140.5,852444.25,58.74,629713.0,65498.75,43.39,4.51,77143.5,552569.5
2024-01-26,1512653.5,1010533.75,66.81,829543.0,24737.25,54.84,1.64,109749.25,719793.75
2024-01-27,1297787.75,830491.0,63.99,548417.0,123524.25,42.26,9.52,115413.0,433004.0
2024-01-28,1169135.25,770255.5,65.88,472070.25,142216.25,40.38,12.16,108454.5,363615.75
2024-01-29,1362202.75,718352.5,52.73,433164.0,124073.0,31.8,9.11,72062.5,361101.5
2024-01-30,1394045.0,770376.25,55.26,532545.25,76415.5,38.2,5.48,107775.0,424770.25
2024-01-31,1441745.0,816013.75,56.6,610638.75,44627.75,42.35,3.1,118063.25,492575.5
2024-02-01,1571880.25,989516.25,62.95,762534.0,67201.5,48.51,4.28,92091.25,670442.75
2024-02-02,1558745.75,1080197.0,69.3,872135.75,48930.25,55.95,3.14,124865.5,747270.25
2024-02-03,1542778.75,1166178.5,75.59,961493.75,51887.25,62.32,3.36,128853.75,832640.0
2024-02-04,1561632.5,1229910.25,78.76,1045564.75,35799.0,66.95,2.29,135560.0,910004.75
2024-02-05,1777305.0,1348091.75,75.85,1116030.0,82874.5,62.79,4.66,110290.5,1005739.5
2024-02-06,1791397.5,1374064.25,76.7,1180615.5,44833.5,65.9,2.5,120142.0,1060473.5
2024-02-07,1490661.75,825258.75,55.36,624897.75,45611.75,41.92,3.06,103359.5,521538.25
2024-02-08,1324106.5,474501.5,35.84,277458.0,39536.75,20.95,2.99,47381.75,230076.25
2024-02-09,1413727.5,844960.75,59.77,654346.0,37277.75,46.29,2.64,142651.25,511694.75
2024-02-10,1081939.25,541036.5,50.01,318300.0,70696.25,29.42,6.53,103775.5,214524.5
2024-02-11,1098090.25,627497.25,57.14,447680.75,30264.25,40.77,2.76,132111.0,315569.75
2024-02-12,1217352.5,546420.75,44.89,336432.5,53982.5,27.64,4.43,52256.75,284175.75
2024-02-13,1402507.5,774659.25,55.23,499326.75,120545.25,35.6,8.59,123083.25,376243.5
2024-02-14,1355571.0,714313.0,52.69,509092.75,53021.5,37.56,3.91,58239.0,450853.75
2024-02-15,1292818.5,634407.0,49.07,396546.0,86343.25,30.67,6.68,100754.5,295791.5
2024-02-16,1364447.25,825225.25,60.48,589564.5,85237.0,43.21,6.25,122944.75,466619.75
2024-02-17,1099874.0,555018.25,50.46,324066.0,80149.25,29.46,7.29,53297.75,270768.25
2024-02-18,1158359.25,768525.0,66.35,528240.5,90326.5,45.6,7.8,119964.25,408276.25
2024-02-19,1416895.75,899118.25,63.46,689635.25,55619.0,48.67,3.93,108324.25,581311.0
2024-02-20,1379388.0,817227.25,59.25,567952.5,88504.25,41.17,6.42,109762.75,458189.75
2024-02-21,1447905.5,943268.25,65.15,677789.5,106293.5,46.81,7.34,110761.75,567027.75
2024-02-22,1453955.5,994737.0,68.42,792705.25,43666.0,54.52,3.0,103713.0,688992.25
2024-02-23,1529476.5,1036864.5,67.79,793422.0,84458.5,51.88,5.52,93163.5,700258.5
2024-02-24,1168434.75,718837.0,61.52,417482.0,141314.0,35.73,12.09,66134.25,351347.75
2024-02-25,1109507.0,645379.5,58.17,333032.25,154637.5,30.02,13.94,30361.5,302670.75
2024-02-26,1187665.0,582780.0,49.07,324613.5,100958.75,27.33,8.5,63064.75,261548.75
2024-02-27,1194823.75,398375.75,33.34,159213.0,79709.75,13.33,6.67,17303.25,141909.75
2024-02-28,1216999.0,412655.0,33.91,153749.75,100875.25,12.63,8.29,69319.0,84430.75
2024-02-29,1403227.75,826452.25,58.9,514910.0,156351.25,36.69,11.14,136877.25,378032.75
2024-03-01,1224027.75,639166.25,52.22,390460.0,92550.25,31.9,7.56,110530.25,279929.75
2024-03-02,1164464.25,702530.75,60.33,384398.0,164759.5,33.01,14.15,100085.25,284312.75
2024-03-03,1153254.75,696543.75,60.4,360709.25,185383.25,31.28,16.07,102482.0,258227.25
2024-03-04,1225171.0,438960.0,35.83,192349.25,93207.25,15.7,7.61,50181.25,142168.0
2024-03-05,1389385.0,537095.25,38.66,317368.5,67234.25,22.84,4.84,122404.0,194964.5
2024-03-06,1302446.25,423060.0,32.48,155036.5,114284.25,11.9,8.77,65361.25,89675.25
2024-03-07,1324525.75,601823.25,45.44,314671.25,131133.5,23.76,9.9,61771.5,252899.75
2024-03-08,1459051.0,1000934.25,68.6,598414.0,247356.0,41.01,16.95,116272.75,482141.25
2024-03-09,1361467.5,1010727.25,74.24,631695.25,228277.75,46.4,16.77,159836.25,471859.0
2024-03-10,1336175.25,993819.5,74.38,710889.0,135100.75,53.2,10.11,152551.5,558337.5
2024-03-11,1339912.25,748144.25,55.84,447533.5,150435.0,33.4,11.23,125705.5,321828.0
2024-03-12,1175535.0,386271.25,32.86,149985.25,84734.0,12.76,7.21,19310.25,130675.0
2024-03-13,1241971.75,538448.0,43.35,273962.75,111560.25,22.06,8.98,97660.0,176302.75
2024-03-14,1287473.75,717645.25,55.74,393478.5,172493.0,30.56,13.4,128311.75,265166.75
2024-03-15,1351867.75,942232.0,69.7,638523.0,153149.5,47.23,11.33,152455.75,486067.25
2024-03-16,1265229.75,918648.25,72.61,647761.25,120067.25,51.2,9.49,97672.5,550088.75
2024-03-17,979542.0,579233.5,59.13,222251.5,203607.75,22.69,20.79,76586.0,145665.5
2024-03-18,1206421.5,554321.25,45.95,252006.5,148395.25,20.89,12.3,70880.5,181126.0
2024-03-19,1221481.0,547615.5,44.83,180823.0,208684.75,14.8,17.08,70391.75,110431.25
2024-03-20,1177489.0,432321.25,36.72,53845.5,220275.5,4.57,18.71,16754.5,37091.0
2024-03-21,1255500.25,614951.0,48.98,319858.0,139776.5,25.48,11.13,79141.75,240716.25
2024-03-22,1246425.75,778462.0,62.46,479141.75,141444.75,38.44,11.35,109934.25,369207.5
2024-03-23,1209001.75,880886.75,72.86,580078.25,144938.0,47.98,11.99,124872.25,455206.0
2024-03-24,1358071.0,1080305.75,79.55,805515.75,122569.25,59.31,9.03,128127.5,677388.25
2024-03-25,1248949.25,664909.75,53.24,285501.0,223314.0,22.86,17.88,25917.25,259583.75
2024-03-26,1339781.75,823334.25,61.45,441467.0,226181.5,32.95,16.88,70584.75,370882.25
2024-03-27,1116094.5,615756.5,55.17,275440.25,184237.75,24.68,16.51,56566.0,218874.25
2024-03-28,1282580.25,920456.75,71.77,613632.0,151639.0,47.84,11.82,68946.5,544685.5
2024-03-29,1179804.0,861407.0,73.01,572124.0,137197.0,48.49,11.63,111219.25,460904.75
2024-03-30,951496.0,578945.0,60.85,262162.75,165992.5,27.55,17.45,41140.25,221022.5
2024-03-31,744586.25,483622.5,64.95,133545.5,206778.0,17.94,27.77,23184.75,110360.75
2024-04-01,895532.25,621993.0,69.46,384073.0,89289.5,42.89,9.97,45123.25,338949.75
2024-04-02,1449584.75,1144549.0,78.96,813991.0,179558.5,56.15,12.39,74069.25,739921.75
2024-04-03,1172880.25,654793.75,55.83,384490.5,118775.25,32.78,10.13,69031.0,315459.5
2024-04-04,1365979.0,996363.5,72.94,718848.75,127439.0,52.63,9.33,117938.0,600910.75
2024-04-05,1374041.25,1023496.25,74.49,677018.25,194067.75,49.27,14.12,97187.5,579830.75
2024-04-06,1190007.25,900712.25,75.69,460420.0,290608.0,38.69,24.42,109042.5,351377.5
2024-04-07,1128314.75,830539.75,73.61,449526.25,235187.0,39.84,20.84,108789.25,340737.0
2024-04-08,1071540.5,570397.25,53.23,175801.0,250281.25,16.41,23.36,47196.75,128604.25
2024-04-09,1243122.25,884894.0,71.18,595467.0,147705.75,47.9,11.88,106435.75,489031.25
2024-04-10,1205854.0,764782.0,63.42,412912.5,209252.25,34.24,17.35,97751.75,315160.75
2024-04-11,1234887.75,817848.75,66.23,431018.5,242582.75,34.9,19.64,98044.5,332974.0
2024-04-12,1154785.0,798746.25,69.17,399412.0,254527.5,34.59,22.04,117367.25,282044.75
2024-04-13,1132155.25,877303.0,77.49,446855.0,291841.25,39.47,25.78,83469.25,363385.75
2024-04-14,1176380.75,905409.75,76.97,491974.75,275190.25,41.82,23.39,72256.75,419718.0
2024-04-15,1150662.75,783504.25,68.09,459321.25,180823.0,39.92,15.71,67728.5,391592.75
2024-04-16,1300237.0,915322.0,70.4,597755.25,170216.0,45.97,13.09,68750.5,529004.75
2024-04-17,1114105.5,494645.5,44.4,138012.0,201029.0,12.39,18.04,21029.0,116983.0
2024-04-18,1195673.75,589616.75,49.31,203866.75,229827.0,17.05,19.22,47595.25,156271.5
2024-04-19,1384684.5,1022076.75,73.81,760791.0,109912.5,54.94,7.94,124553.5,636237.5
2024-04-20,1061990.75,737895.0,69.48,373298.75,207170.5,35.15,19.51,79551.25,293747.5
2024-04-21,999120.25,660300.5,66.09,296521.25,207088.75,29.68,20.73,56434.0,240087.25
2024-04-22,1153610.5,547220.5,47.44,146468.0,243445.25,12.7,21.1,37167.5,109300.5
2024-04-23,1209374.75,581209.0,48.06,179481.75,246155.5,14.84,20.35,62115.75,117366.0
2024-04-24,1268659.0,649398.75,51.19,289396.0,203207.75,22.81,16.02,83351.0,206045.0
2024-04-25,1200793.25,569085.25,47.39,196709.25,215952.0,16.38,17.98,25568.5,171140.75
2024-04-26,1196490.5,620468.75,51.86,217773.25,244968.25,18.2,20.47,16208.5,201564.75
2024-04-27,1051878.5,691005.5,65.69,206305.5,329115.25,19.61,31.29,27495.5,178810.0
2024-04-28,1154946.0,907572.25,78.58,499197.25,258821.75,43.22,22.41,96055.0,403142.25
2024-04-29,1075135.0,663420.0,61.71,186673.75,322154.75,17.36,29.96,57394.25,129279.5
2024-04-30,1134952.0,768785.0,67.74,267042.5,348198.0,23.53,30.68,71337.5,195705.0
2024-05-01,1155370.75,913528.0,79.07,424450.75,344996.0,36.74,29.86,77562.25,346888.5
2024-05-02,1337785.75,1047370.5,78.29,594884.75,307097.75,44.47,22.96,121688.25,473196.5
2024-05-03,1096179.5,727478.75,66.36,405133.5,169942.0,36.96,15.5,97170.75,307962.75
2024-05-04,862211.75,507717.75,58.89,94613.0,262161.25,10.97,30.41,22978.5,71634.5
2024-05-05,1009110.0,732358.5,72.57,363401.0,224473.5,36.01,22.24,51869.0,311532.0
2024-05-06,1012929.25,505355.0,49.89,131415.5,218977.25,12.97,21.62,12637.25,118778.25
2024-05-07,1017824.75,473371.25,46.51,140479.75,174692.75,13.8,17.16,10716.0,129763.75
2024-05-08,1027701.5,482040.0,46.9,79120.75,243263.5,7.7,23.67,2844.0,76276.75
2024-05-09,941428.25,567486.25,60.28,48577.0,359172.75,5.16,38.15,11858.25,36718.75
2024-05-10,936689.25,565411.25,60.36,50082.25,358070.25,5.35,38.23,8624.5,41457.75
2024-05-11,924427.75,615508.25,66.58,100551.75,360378.5,10.88,38.98,10878.0,89673.75
2024-05-12,1054190.25,806484.25,76.5,287878.0,370939.5,27.31,35.19,60567.25,227310.75
2024-05-13,1273456.25,927426.0,72.83,413383.25,362755.5,32.46,28.49,100803.0,312580.25
2024-05-14,1371530.0,1054955.25,76.92,520793.75,386691.5,37.97,28.19,104785.75,416008.0
2024-05-15,1371203.5,979521.75,71.44,514511.0,316390.5,37.52,23.07,71637.5,442873.5
2024-05-16,1322937.5,911266.75,68.88,474156.0,286115.5,35.84,21.63,62202.0,411954.0
2024-05-17,1225992.5,838610.25,68.4,473707.5,206672.5,38.64,16.86,60925.25,412782.25
2024-05-18,911414.75,604293.25,66.3,186453.25,257912.25,20.46,28.3,45485.5,140967.75
2024-05-19,826972.0,539730.75,65.27,118347.25,263794.25,14.31,31.9,44620.25,73727.0
2024-05-20,908586.25,614876.25,67.67,113928.0,343176.5,12.54,37.77,43759.75,70168.25
2024-05-21,1184905.5,802970.25,67.77,418937.75,226712.75,35.36,19.13,78675.0,340262.75
2024-05-22,1150176.75,722220.5,62.79,367671.0,199077.25,31.97,17.31,77924.75,289746.25
2024-05-23,1084624.5,605019.5,55.78,145995.5,303209.5,13.46,27.96,22527.25,123468.25
2024-05-24,1073136.75,519708.0,48.43,111634.25,248880.5,10.4,23.19,17123.0,94511.25
2024-05-25,911639.0,546362.75,59.93,99002.5,291859.25,10.86,32.01,41013.75,57988.75
2024-05-26,914276.0,603280.25,65.98,116753.25,335599.5,12.77,36.71,19751.25,97002.0
2024-05-27,1039671.0,563447.75,54.19,140150.5,269016.0,13.48,25.88,44576.0,95574.5
2024-05-28,1085746.75,605079.5,55.73,179478.25,264086.25,16.53,24.32,23700.25,155778.0
2024-05-29,1175607.0,775358.0,65.95,388397.75,227004.75,33.04,19.31,92369.0,296028.75
2024-05-30,937206.0,492865.25,52.59,96107.25,233775.75,10.25,24.94,25473.25,70634.0
2024-05-31,938508.5,524139.75,55.85,177133.75,186835.25,18.87,19.91,61569.5,115564.25
2024-06-01,930218.75,660481.5,71.0,316502.0,197548.0,34.02,21.24,87858.25,228643.75
2024-06-02,999419.5,757572.5,75.8,422898.75,192727.75,42.31,19.28,107093.25,315805.5
2024-06-03,1076555.75,531928.5,49.41,192515.5,189312.0,17.88,17.58,54098.0,138417.5
2024-06-04,1076065.75,573784.5,53.32,123547.5,307375.25,11.48,28.56,50603.25,72944.25
2024-06-05,1201437.75,785645.5,65.39,382225.75,259044.5,31.81,21.56,82713.5,299512.25
2024-06-06,1163830.0,690310.25,59.31,183747.25,355843.5,15.79,30.58,66570.0,117177.25
2024-06-07,1096061.0,647333.25,59.06,141287.5,353338.0,12.89,32.24,58327.5,82960.0
2024-06-08,1096313.75,795941.0,72.6,301035.5,345613.5,27.46,31.53,81708.5,219327.0
2024-06-09,1068283.0,776573.25,72.69,305668.0,325645.25,28.61,30.48,77850.75,227817.25
2024-06-10,1147512.75,727018.5,63.36,290480.75,287234.5,25.31,25.03,62036.75,228444.0
2024-06-11,1292047.0,943293.0,73.01,530202.5,263768.75,41.04,20.41,90455.75,439746.75
2024-06-12,1185596.75,778143.0,65.63,306840.0,318229.75,25.88,26.84,89705.25,217134.75
2024-06-13,1105567.5,630457.5,57.03,144708.5,328496.75,13.09,29.71,41955.0,102753.5
2024-06-14,1074377.25,706825.75,65.79,343859.75,202570.5,32.01,18.85,54167.5,289692.25
2024-06-15,1134173.5,913935.25,80.58,501990.75,262553.5,44.26,23.15,79619.0,422371.75
2024-06-16,1034042.0,788325.5,76.24,331768.0,303790.75,32.08,29.38,76080.25,255687.75
2024-06-17,1065955.25,609240.25,57.15,167547.25,282171.25,15.72,26.47,40169.5,127377.75
2024-06-18,1107931.75,548138.0,49.47,74008.5,313482.75,6.68,28.29,8495.25,65513.25
2024-06-19,1089240.5,576216.25,52.9,165777.5,248734.75,15.22,22.84,36272.25,129505.25
2024-06-20,1075346.5,547924.5,50.95,94603.75,293987.5,8.8,27.34,11779.0,82824.75
2024-06-21,1111874.75,524352.0,47.16,176553.5,187989.0,15.88,16.91,21942.25,154611.25
2024-06-22,1059785.5,806480.5,76.1,354969.5,301343.75,33.49,28.43,37139.5,317830.0
2024-06-23,883143.25,591855.75,67.02,130002.25,311083.75,14.72,35.22,22683.25,107319.0
2024-06-24,1060086.0,611493.25,57.68,59453.75,393079.25,5.61,37.08,1610.75,57843.0
2024-06-25,1202079.25,749397.5,62.34,169026.75,423683.5,14.06,35.25,14176.25,154850.5
2024-06-26,1175701.75,680989.25,57.92,150551.0,374690.5,12.81,31.87,21938.5,128612.5
2024-06-27,1100987.5,612986.75,55.68,138403.25,319052.25,12.57,28.98,34453.5,103949.75
2024-06-28,1173352.25,822689.25,70.11,318630.25,349246.0,27.16,29.76,80455.25,238175.0
2024-06-29,929107.0,630633.25,67.88,100278.25,374780.75,10.79,40.34,17525.5,82752.75
2024-06-30,890569.75,624390.0,70.11,304814.0,169207.25,34.23,19.0,43481.5,261332.5
2024-07-01,1060886.25,614417.5,57.92,235393.25,224484.0,22.19,21.16,50962.5,184430.75
2024-07-02,1106993.5,679210.5,61.36,352813.0,171347.75,31.87,15.48,91786.5,261026.5
2024-07-03,1075962.25,594532.75,55.26,237573.25,197481.5,22.08,18.35,76308.25,161265.0
2024-07-04,1238301.0,979761.5,79.12,582596.25,247011.0,47.05,19.95,130087.25,452509.0
2024-07-05,1219144.5,939009.75,77.02,482022.5,301877.5,39.54,24.76,95413.5,386609.0
2024-07-06,1196843.0,967330.25,80.82,541984.0,278181.25,45.28,23.24,79780.75,462203.25
2024-07-07,1034548.25,763024.25,73.75,306971.75,304068.75,29.67,29.39,67310.0,239661.75
2024-07-08,1100688.0,639673.25,58.12,110851.75,371343.75,10.07,33.74,30563.0,80288.75
2024-07-09,1223422.75,801893.5,65.55,243466.0,401374.25,19.9,32.81,64800.75,178665.25
2024-07-10,1112516.0,640447.75,57.57,223733.0,255736.75,20.11,22.99,63038.75,160694.25
2024-07-11,1103485.75,574529.75,52.06,100028.0,313332.5,9.06,28.39,32981.5,67046.5
2024-07-12,1123631.0,664988.25,59.18,295441.5,208798.25,26.29,18.58,42163.5,253278.0
2024-07-13,1044540.75,789069.25,75.54,372531.5,263030.25,35.66,25.18,92774.75,279756.75
2024-07-14,984779.75,728305.0,73.96,243595.25,335793.0,24.74,34.1,105133.25,138462.0
2024-07-15,1109758.0,711704.5,64.13,168238.75,389618.25,15.16,35.11,56754.25,111484.5
2024-07-16,1182689.75,834577.5,70.57,409186.75,274708.0,34.6,23.23,72923.0,336263.75
2024-07-17,1144197.5,765667.75,66.92,346040.5,267626.25,30.24,23.39,72653.75,273386.75
2024-07-18,1076762.75,583364.0,54.18,52797.0,374080.25,4.9,34.74,16152.75,36644.25
2024-07-19,1073374.75,589689.5,54.94,66232.75,367167.25,6.17,34.21,15265.75,50967.0
2024-07-20,1002352.0,679400.5,67.78,161749.75,366124.25,16.14,36.53,52825.5,108924.25
2024-07-21,934889.75,623732.75,66.72,165526.25,308987.75,17.71,33.05,37300.5,128225.75
2024-07-22,1094961.75,689106.0,62.93,258539.75,276683.25,23.61,25.27,40428.0,218111.75
2024-07-23,1088463.75,650099.5,59.73,225858.5,266456.5,20.75,24.48,43446.5,182412.0
2024-07-24,1118552.75,691751.75,61.84,240923.25,293321.0,21.54,26.22,49949.0,190974.25
2024-07-25,1053608.5,608634.0,57.77,95312.75,357772.25,9.05,33.96,51749.0,43563.75
2024-07-26,999133.75,560291.0,56.08,178469.25,228982.5,17.86,22.92,40964.0,137505.25
2024-07-27,829792.75,406619.5,49.0,36166.0,220503.0,4.36,26.57,2291.0,33875.0
2024-07-28,961786.5,671274.5,69.79,209760.5,313645.0,21.81,32.61,24609.0,185151.5
2024-07-29,1049610.5,656225.5,62.52,103593.0,405747.75,9.87,38.66,17256.0,86337.0
2024-07-30,1076296.75,592576.5,55.06,53420.75,394049.0,4.96,36.61,2841.75,50579.0
2024-07-31,1073849.5,534275.0,49.75,63236.0,327485.0,5.89,30.5,15500.25,47735.75
2024-08-01,1098586.25,511851.5,46.59,96118.5,265180.75,8.75,24.14,20067.25,76051.25
2024-08-02,1020352.0,469822.0,46.05,76652.75,242089.75,7.51,23.73,5688.5,70964.25
2024-08-03,868001.75,521192.75,60.05,71378.5,301755.5,8.22,34.76,19850.75,51527.75
2024-08-04,919804.75,628695.0,68.35,241967.0,241460.0,26.31,26.25,48787.5,193179.5
2024-08-05,985479.0,527903.75,53.57,68746.0,313359.25,6.98,31.8,22441.75,46304.25
2024-08-06,1076545.25,593602.5,55.14,71545.0,381126.75,6.65,35.4,15483.25,56061.75
2024-08-07,1036109.25,538706.75,51.99,128091.25,269186.5,12.36,25.98,25413.25,102678.0
2024-08-08,995679.75,518505.25,52.08,119833.75,255391.25,12.04,25.65,37058.5,82775.25
2024-08-09,1201788.75,894996.0,74.47,505528.25,249689.75,42.06,20.78,98363.0,407165.25
2024-08-10,1028995.25,759949.5,73.85,284811.25,335573.25,27.68,32.61,92062.75,192748.5
2024-08-11,893489.75,612897.75,68.6,122251.5,353144.0,13.68,39.52,33254.75,88996.75
2024-08-12,1059182.5,654237.0,61.77,149954.0,363243.5,14.16,34.29,36795.75,113158.25
2024-08-13,1200297.25,753145.0,62.75,274265.75,340536.25,22.85,28.37,49291.75,224974.0
2024-08-14,1091733.25,570629.25,52.27,145658.75,281910.0,13.34,25.82,25814.75,119844.0
2024-08-15,1023313.5,573609.0,56.05,125274.75,307704.75,12.24,30.07,43384.25,81890.5
2024-08-16,1090985.75,617782.75,56.63,187053.5,291358.5,17.15,26.71,31671.5,155382.0
2024-08-17,869644.5,429349.0,49.37,50085.75,242398.25,5.76,27.87,5686.0,44399.75
2024-08-18,753990.25,382055.0,50.67,100474.0,143567.75,13.33,19.04,21211.25,79262.75
2024-08-19,984650.5,487492.0,49.51,98858.75,242218.75,10.04,24.6,25527.5,73331.25
2024-08-20,1071563.0,637076.0,59.45,227118.5,263964.5,21.2,24.63,80952.75,146165.75
2024-08-21,1229641.25,924450.0,75.18,511049.75,272153.5,41.56,22.13,87188.25,423861.5
2024-08-22,1173602.5,861334.75,73.39,414278.5,304486.0,35.3,25.94,123608.0,290670.5
2024-08-23,1322674.25,1048239.0,79.25,619214.0,292807.5,46.82,22.14,97766.25,521447.75
2024-08-24,1101879.75,842544.25,76.46,378497.0,329105.75,34.35,29.87,54823.5,323673.5
2024-08-25,1034814.0,785766.75,75.93,431420.75,220099.0,41.69,21.27,91606.75,339814.0
2024-08-26,1060403.25,623165.75,58.77,205158.0,277325.5,19.35,26.15,76892.75,128265.25
2024-08-27,1096781.0,612001.25,55.8,138568.75,337559.75,12.63,30.78,36379.0,102189.75
2024-08-28,1181149.25,709453.25,60.06,228439.5,343097.0,19.34,29.05,44958.0,183481.5
2024-08-29,1174336.5,625548.5,53.27,166144.5,322183.0,14.15,27.44,31367.25,134777.25
2024-08-30,1104921.0,521562.25,47.2,135067.5,253418.0,12.22,22.94,13931.5,121136.0
2024-08-31,1015988.75,670485.5,65.99,237174.75,303968.25,23.34,29.92,28904.0,208270.75
2024-09-01,1096582.0,778205.5,70.97,334597.0,316098.0,30.51,28.83,85066.25,249530.75
2024-09-02,1178012.5,638117.25,54.17,238015.5,264715.5,20.2,22.47,74113.75,163901.75
2024-09-03,1130187.5,499663.0,44.21,86968.25,276921.0,7.7,24.5,25355.5,61612.75
2024-09-04,1125604.25,488128.75,43.37,128989.25,223443.75,11.46,19.85,27540.5,101448.75
2024-09-05,1349906.25,908176.25,67.28,488036.75,284865.25,36.15,21.1,39464.25,448572.5
2024-09-06,1306652.0,819834.0,62.74,444888.5,239113.75,34.05,18.3,87895.0,356993.5
2024-09-07,1002079.25,602778.5,60.15,164064.0,307149.0,16.37,30.65,42440.75,121623.25
2024-09-08,893093.75,522890.75,58.55,183573.25,210696.25,20.55,23.59,27615.25,155958.0
2024-09-09,1099025.5,563350.25,51.26,296442.25,129942.25,26.97,11.82,61057.75,235384.5
2024-09-10,1260608.75,921112.75,73.07,610542.5,175796.75,48.43,13.95,126058.0,484484.5
2024-09-11,1166445.75,738605.25,63.32,468475.75,134425.75,40.16,11.52,65077.25,403398.5
2024-09-12,1068348.0,499741.0,46.78,159350.75,199073.0,14.92,18.63,40676.25,118674.5
2024-09-13,1053072.75,640955.5,60.87,351313.25,149067.0,33.36,14.16,78774.25,272539.0
2024-09-14,1042757.25,753887.5,72.3,437048.25,178593.75,41.91,17.13,29052.5,407995.75
2024-09-15,924856.25,611137.25,66.08,252216.5,221483.25,27.27,23.95,24233.75,227982.75
2024-09-16,1066412.75,526947.5,49.41,298130.5,85603.5,27.96,8.03,45891.75,252238.75
2024-09-17,1153350.25,673552.5,58.4,348490.5,185705.0,30.22,16.1,59794.5,288696.0
2024-09-18,1184533.75,730032.25,61.63,339001.25,250812.5,28.62,21.17,34127.25,304874.0
2024-09-19,1200603.25,787640.5,65.6,396466.0,249788.25,33.02,20.81,47711.25,348754.75
2024-09-20,1214930.0,861098.75,70.88,431036.25,288421.25,35.48,23.74,75900.75,355135.5
2024-09-21,993580.25,656371.5,66.06,221460.75,293237.25,22.29,29.51,42434.25,179026.5
2024-09-22,863627.0,471729.75,54.62,74195.0,255268.25,8.59,29.56,12684.25,61510.75
2024-09-23,987490.0,393881.0,39.89,65073.0,184974.0,6.59,18.73,7208.0,57865.0
2024-09-24,1099289.75,613343.25,55.79,327178.5,139403.25,29.76,12.68,73890.75,253287.75
2024-09-25,1225005.5,792848.25,64.72,507851.75,140983.75,41.46,11.51,106087.5,401764.25
2024-09-26,1272141.5,933548.25,73.38,723949.5,64990.5,56.91,5.11,79417.0,644532.5
2024-09-27,1479362.5,1241176.5,83.9,943570.75,153642.75,63.78,10.39,113028.75,830542.0
2024-09-28,1165352.25,900904.75,77.31,580001.5,175221.75,49.77,15.04,154508.25,425493.25
2024-09-29,902280.25,604649.5,67.01,227765.5,229217.25,25.24,25.4,56722.5,171043.0
2024-09-30,1303896.0,933859.25,71.62,636563.75,152664.0,48.82,11.71,78247.25,558316.5
2024-10-01,1219511.25,780435.0,64.0,522578.0,106277.5,42.85,8.71,121245.25,401332.75
2024-10-02,1161138.5,604814.0,52.09,358479.0,95404.75,30.87,8.22,132910.25,225568.75
2024-10-03,1019965.0,601077.75,58.93,351899.0,99557.75,34.5,9.76,83455.0,268444.0
2024-10-04,1001112.0,456093.25,45.56,183220.0,117274.0,18.3,11.71,9126.75,174093.25
2024-10-05,849606.25,376894.75,44.36,87172.25,138643.0,10.26,16.32,13841.0,73331.25
2024-10-06,981870.75,634545.0,64.63,321377.0,167337.25,32.73,17.04,102507.25,218869.75
2024-10-07,1158961.25,648892.0,55.99,373316.75,126711.75,32.21,10.93,107752.0,265564.75
2024-10-08,1133220.25,616922.5,54.44,359972.5,106363.25,31.77,9.39,91366.0,268606.5
2024-10-09,1194480.0,751777.5,62.94,465622.5,136812.5,38.98,11.45,72926.5,392696.0
2024-10-10,1336708.75,939176.0,70.26,703534.75,84860.25,52.63,6.35,89031.75,614503.0
2024-10-11,1169782.75,667037.0,57.02,353723.25,158195.25,30.24,13.52,136403.5,217319.75
2024-10-12,1061749.5,765095.25,72.06,453943.25,157191.25,42.75,14.8,123130.5,330812.75
2024-10-13,1380466.75,1109844.5,80.4,840962.75,121182.25,60.92,8.78,89136.0,751826.75
2024-10-14,1107608.5,485263.25,43.81,226045.75,97194.25,20.41,8.78,39039.0,187006.75
2024-10-15,1126346.0,546757.0,48.54,246008.75,140780.75,21.84,12.5,54381.5,191627.25
2024-10-16,1391028.75,1007258.75,72.41,688383.25,166541.75,49.49,11.97,81560.25,606823.0
2024-10-17,1222953.25,745263.5,60.94,438640.5,150831.25,35.87,12.33,87589.0,351051.5
2024-10-18,1028109.25,399975.0,38.9,123389.0,113393.25,12.0,11.03,18589.75,104799.25
2024-10-19,899479.5,482000.5,53.59,234719.25,89614.0,26.1,9.96,42726.0,191993.25
2024-10-20,949365.25,685363.5,72.19,423573.75,112994.0,44.62,11.9,86738.0,336835.75
2024-10-21,1210682.0,676134.0,55.85,417430.0,107509.0,34.48,8.88,96627.0,320803.0
2024-10-22,1204315.25,622859.5,51.72,371230.75,101380.5,30.83,8.42,76414.25,294816.5
2024-10-23,1116511.5,436052.75,39.05,158422.25,122734.75,14.19,10.99,56566.75,101855.5
2024-10-24,1157544.0,531995.75,45.96,266003.25,110466.25,22.98,9.54,55099.5,210903.75
2024-10-25,1133899.75,468898.0,41.35,176715.25,138203.25,15.58,12.19,20125.25,156590.0
2024-10-26,983781.75,426402.5,43.34,151757.0,125770.5,15.43,12.78,30872.5,120884.5
2024-10-27,944294.0,500233.5,52.97,270480.75,84347.25,28.64,8.93,66194.75,204286.0
2024-10-28,1205173.75,609025.25,50.53,379708.75,88838.5,31.51,7.37,109670.75,270038.0
2024-10-29,1127798.25,401987.0,35.64,172679.25,85994.5,15.31,7.62,31045.25,141634.0
2024-10-30,1119317.0,370385.5,33.09,163727.5,63374.5,14.63,5.66,48774.75,114952.75
2024-10-31,1162933.25,537524.25,46.22,344977.0,45791.5,29.66,3.94,86684.25,258292.75
2024-11-01,1128152.75,701375.75,62.17,501604.25,63610.0,44.46,5.64,102662.75,398941.5
2024-11-02,879975.25,351900.0,39.99,143121.5,71585.0,16.26,8.13,29184.5,113937.0
2024-11-03,914271.5,419294.5,45.86,154773.75,129997.0,16.93,14.22,44813.25,109960.5
2024-11-04,1080127.5,336871.0,31.19,110254.5,86186.75,10.21,7.98,10786.5,99468.0
2024-11-05,1114031.0,327741.25,29.42,107196.5,75285.5,9.62,6.76,15374.75,91821.75
2024-11-06,1081653.25,198204.75,18.32,7392.75,36511.75,0.68,3.38,179.0,7213.75
2024-11-07,1115994.0,220220.0,19.73,44888.25,22467.25,4.02,2.01,14827.25,30061.0
2024-11-08,1278562.5,440289.0,34.44,271814.75,22069.75,21.26,1.73,92861.0,178953.75
2024-11-09,1057875.5,303745.75,28.71,111881.0,48775.25,10.58,4.61,36034.5,75846.5
2024-11-10,919647.5,234672.25,25.52,60909.0,33330.25,6.62,3.62,32794.5,28114.5
2024-11-11,1233776.75,430663.25,34.91,260714.75,27821.25,21.13,2.25,115053.75,145661.0
2024-11-12,1213672.0,322090.25,26.54,142923.25,30726.25,11.78,2.53,28060.0,114863.25
2024-11-13,1270420.5,340125.75,26.77,171382.75,21623.75,13.49,1.7,75463.0,95919.75
2024-11-14,1414068.5,568478.25,40.2,395868.5,31630.75,28.0,2.24,129442.5,266426.0
2024-11-15,1291480.25,462543.75,35.82,286527.0,35148.25,22.19,2.72,84311.25,202215.75
2024-11-16,1355841.75,782586.0,57.72,594524.75,48810.25,43.85,3.6,114046.75,480478.0
2024-11-17,1394856.5,979105.5,70.19,800190.25,41442.25,57.37,2.97,111463.5,688726.75
2024-11-18,1515900.25,887006.0,58.51,692831.5,53363.5,45.7,3.52,129161.5,563670.0
2024-11-19,1469925.25,714844.5,48.63,551305.0,22367.5,37.51,1.52,49661.5,501643.5
2024-11-20,1445457.5,764696.0,52.9,572175.25,48512.25,39.58,3.36,60365.0,511810.25
2024-11-21,1479058.5,711219.0,48.09,521333.25,43893.5,35.25,2.97,88029.0,433304.25
2024-11-22,1586604.25,928636.5,58.53,743830.75,38530.75,46.88,2.43,120042.0,623788.75
2024-11-23,1377503.25,955346.25,69.35,756588.5,56596.0,54.92,4.11,99948.5,656640.0
2024-11-24,1459551.25,1178134.0,80.72,986215.0,53030.5,67.57,3.63,123895.25,862319.75
2024-11-25,1515728.5,1039135.25,68.56,834304.0,62641.0,55.04,4.13,69447.75,764856.25
2024-11-26,1446587.0,746061.25,51.57,542417.0,56822.25,37.5,3.93,114280.0,428137.0
2024-11-27,1491575.25,836848.75,56.11,627863.5,61229.75,42.09,4.11,84294.25,543569.25
2024-11-28,1621389.25,1002100.0,61.81,820432.75,34457.25,50.6,2.13,85049.25,735383.5
2024-11-29,1230199.5,437495.0,35.56,222566.25,62157.25,18.09,5.05,67418.25,155148.0
2024-11-30,1317678.0,712605.75,54.08,455169.5,109063.5,34.54,8.28,104581.75,350587.75
2024-12-01,1178789.25,616686.0,52.32,396713.5,74638.25,33.65,6.33,78626.75,318086.75
2024-12-02,1432670.0,730504.0,50.99,553820.25,29315.0,38.66,2.05,107704.75,446115.5
2024-12-03,1416549.0,594252.5,41.95,403549.25,36936.75,28.49,2.61,99792.5,303756.75
2024-12-04,1264337.75,371004.25,29.34,175873.25,36173.75,13.91,2.86,40576.0,135297.25
2024-12-05,1506589.5,843560.0,55.99,634156.0,60282.25,42.09,4.0,95801.0,538355.0
2024-12-06,1507106.5,950390.0,63.06,775453.5,25480.0,51.45,1.69,88846.5,686607.0
2024-12-07,1249724.0,826909.75,66.17,661625.75,18726.25,52.94,1.5,113562.25,548063.5
2024-12-08,1111676.25,602446.75,54.19,423787.75,33497.25,38.12,3.01,114817.5,308970.25
2024-12-09,1488608.5,893975.75,60.05,739751.75,12305.5,49.69,0.83,139769.75,599982.0
2024-12-10,1368029.75,579935.0,42.39,417158.5,12939.75,30.49,0.95,64791.75,352366.75
2024-12-11,1160599.0,231303.5,19.93,58337.5,12986.25,5.03,1.12,19665.75,38671.75
2024-12-12,1140255.75,209775.25,18.4,34836.75,15430.75,3.06,1.35,19784.25,15052.5
2024-12-13,1206600.0,328046.5,27.19,146330.0,26561.75,12.13,2.2,25919.0,120411.0
2024-12-14,1285275.0,683191.5,53.16,520178.75,20081.25,40.47,1.56,109907.75,410271.0
2024-12-15,1455476.5,1064210.25,73.12,902785.25,24157.25,62.03,1.66,76324.25,826461.0
2024-12-16,1681217.0,1199484.5,71.35,1035485.75,25287.75,61.59,1.5,58547.5,976938.25
2024-12-17,1478919.75,814819.5,55.1,643672.0,27160.0,43.52,1.84,106062.5,537609.5
2024-12-18,1482042.0,1100212.5,74.24,925885.0,32798.5,62.47,2.21,106677.75,819207.25
2024-12-19,1538841.0,1176116.0,76.43,1013296.75,19794.75,65.85,1.29,112733.0,900563.75
2024-12-20,1482479.0,1047514.0,70.66,860276.5,39862.5,58.03,2.69,124784.5,735492.0
2024-12-21,1455634.75,1181786.75,81.19,1009565.5,30222.75,69.36,2.08,124076.0,885489.5
2024-12-22,1267095.5,976576.5,77.07,810314.25,21552.75,63.95,1.7,123282.25,687032.0
2024-12-23,1326517.25,941199.5,70.95,760950.25,31522.25,57.36,2.38,110258.5,650691.75
2024-12-24,1028280.75,487426.75,47.4,305458.75,33799.25,29.71,3.29,64909.5,240549.25
2024-12-25,924822.75,405628.0,43.86,210737.5,48980.5,22.79,5.3,59712.75,151024.75
2024-12-26,923371.75,301435.0,32.65,103280.0,52246.75,11.19,5.66,26821.0,76459.0
2024-12-27,1003550.75,256860.0,25.6,49363.25,61205.75,4.92,6.1,2941.25,46422.0
2024-12-28,987060.75,261503.25,26.49,53790.0,61088.5,5.45,6.19,22347.75,31442.25
2024-12-29,1169866.5,536781.25,45.88,354692.75,39719.0,30.32,3.4,97298.25,257394.5
2024-12-30,1396368.25,760966.25,54.5,595534.0,22927.5,42.65,1.64,61186.75,534347.25
2024-12-31,1315635.75,789874.75,60.04,598360.5,49085.25,45.48,3.73,69337.25,529023.25
2025-01-01,1437062.25,1158481.75,80.61,972443.25,56781.25,67.67,3.95,68182.5,904260.75
2025-01-02,1367472.5,802920.5,58.72,637402.5,29470.75,46.61,2.16,131287.0,506115.5
2025-01-03,1514692.0,940970.75,62.12,775568.5,30355.5,51.2,2.0,96849.75,678718.75
2025-01-04,1161745.5,483497.5,41.62,316057.25,27526.25,27.21,2.37,56389.5,259667.75
2025-01-05,1186401.0,749066.0,63.14,602466.75,9092.5,50.78,0.77,107471.0,494995.75
2025-01-06,1526963.5,1221009.0,79.96,1045618.0,40295.25,68.48,2.64,110000.5,935617.5
2025-01-07,1595668.75,1152849.0,72.25,961911.75,47116.25,60.28,2.95,92782.75,869129.0
2025-01-08,1536224.25,844400.75,54.97,663830.0,32787.0,43.21,2.13,92283.5,571546.5
2025-01-09,1396396.49,613606.99,43.94,429754.0,30077.5,30.78,2.15,49488.0,380266.0
2025-01-10,1501242.1600000001,808507.66,53.86,615813.5,40318.25,41.02,2.69,94535.0,521278.5
2025-01-11,1399089.46,764111.46,54.61,564253.5,51872.5,40.33,3.71,57245.75,507007.75
2025-01-12,1159104.92,494585.42,42.67,279376.25,64977.75,24.1,5.61,24254.75,255121.5
2025-01-13,1349033.28,522556.53,38.74,285451.5,83647.75,21.16,6.2,105549.0,179902.5
2025-01-14,1635839.08,801984.08,49.03,577460.5,68972.25,35.3,4.22,140255.75,437204.75
2025-01-15,1316736.25,365353.25,27.75,181278.0,22816.5,13.77,1.73,27973.0,153305.0
2025-01-16,1280302.0,412239.25,32.2,209491.75,45649.0,16.36,3.57,94357.0,115134.75
2025-01-17,1227132.0,347647.25,28.33,152749.25,33999.5,12.45,2.77,90572.5,62176.75
2025-01-18,1100376.5,308007.75,27.99,82020.75,70783.5,7.45,6.43,20504.5,61516.25
2025-01-19,1120835.75,393700.5,35.13,135772.25,107347.25,12.11,9.58,5009.25,130763.0
2025-01-20,1253281.0,358135.5,28.58,119917.5,76330.0,9.57,6.09,26526.0,93391.5
2025-01-21,1348015.0,402649.5,29.87,168188.5,72233.75,12.48,5.36,101733.25,66455.25
2025-01-22,1433488.5,543721.25,37.93,322133.0,65603.0,22.47,4.58,34275.25,287857.75
2025-01-23,1580034.75,922981.0,58.42,745484.75,33519.0,47.18,2.12,103467.5,642017.25
2025-01-24,1570853.25,1107586.0,70.51,904195.5,62504.75,57.56,3.98,124716.25,779479.25
2025-01-25,1251284.75,766062.25,61.22,568177.5,53975.75,45.41,4.31,107712.0,460465.5
2025-01-26,1097831.0,609146.75,55.49,410824.0,54017.75,37.42,4.92,56047.0,354777.0
2025-01-27,1514403.0,1105336.25,72.99,915540.5,45989.0,60.46,3.04,129650.0,785890.5
2025-01-28,1382043.0,808716.5,58.52,611546.75,44580.0,44.25,3.23,126830.5,484716.25
2025-01-29,1508207.25,967840.75,64.17,748926.0,66163.25,49.66,4.39,100070.25,648855.75
2025-01-30,1317802.25,595362.5,45.18,370806.5,69635.75,28.14,5.28,102114.5,268692.0
2025-01-31,1361488.75,609010.5,44.73,366489.5,89026.25,26.92,6.54,61684.25,304805.25
2025-02-01,1097046.25,384810.25,35.08,108770.0,124061.25,9.91,11.31,7928.0,100842.0
2025-02-02,1027841.0,340498.75,33.13,63996.5,126384.25,6.23,12.3,17128.5,46868.0
2025-02-03,1192985.0,351426.0,29.46,87015.0,108915.25,7.29,9.13,36594.25,50420.75
2025-02-04,1352283.25,531983.75,39.34,282579.0,94754.75,20.9,7.01,115574.0,167005.0
2025-02-05,1381050.25,536076.5,38.82,313192.25,71152.25,22.68,5.15,84551.75,228640.5
2025-02-06,1289983.5,405248.75,31.42,214406.25,40593.0,16.62,3.15,50374.75,164031.5
2025-02-07,1700940.75,1016336.25,59.75,800345.5,72696.0,47.05,4.27,150507.25,649838.25
2025-02-08,1427132.0,813751.0,57.02,512093.75,154275.75,35.88,10.81,123992.0,388101.75
2025-02-09,1257133.5,579152.75,46.07,312124.0,122205.75,24.83,9.72,105202.0,206922.0
2025-02-10,1587148.0,848478.75,53.46,618064.0,85127.25,38.94,5.36,140019.25,478044.75
2025-02-11,1624539.75,849925.0,52.32,628875.25,71124.25,38.71,4.38,103630.5,525244.75
2025-02-12,1482421.25,623760.25,42.08,409573.25,62317.0,27.63,4.2,141826.0,267747.25
2025-02-13,1321280.5,397489.25,30.08,208195.75,28449.25,15.76,2.15,76237.25,131958.5
2025-02-14,1224594.25,291485.0,23.8,101786.0,27663.25,8.31,2.26,20529.75,81256.25
2025-02-15,1082538.5,265835.75,24.56,49594.25,60230.5,4.58,5.56,18584.75,31009.5
2025-02-16,1200483.0,486043.0,40.49,241202.25,97200.25,20.09,8.1,57800.0,183402.25
2025-02-17,1364117.75,453613.25,33.25,116738.75,186219.0,8.56,13.65,18781.25,97957.5
2025-02-18,1452647.5,627861.0,43.22,267298.75,211395.5,18.4,14.55,55955.5,211343.25
2025-02-19,1662416.75,958142.75,57.64,598656.75,212098.25,36.01,12.76,132231.5,466425.25
2025-02-20,1551315.5,833950.25,53.76,556070.5,130990.0,35.85,8.44,147046.0,409024.5
2025-02-21,1411117.5,843444.25,59.77,539505.5,159384.75,38.23,11.29,144319.5,395186.0
2025-02-22,1311050.75,877651.75,66.94,591947.5,141190.0,45.15,10.77,128186.75,463760.75
2025-02-23,1106119.0,647615.5,58.55,367995.0,137532.0,33.27,12.43,99661.0,268334.0
2025-02-24,1459071.5,971047.25,66.55,715553.0,116136.0,49.04,7.96,145863.25,569689.75
2025-02-25,1226261.75,442829.75,36.11,185046.25,112589.0,15.09,9.18,47868.75,137177.5
2025-02-26,1252695.5,408286.5,32.59,197668.25,65861.25,15.78,5.26,18504.5,179163.75
2025-02-27,1311255.0,491978.0,37.52,238734.0,111052.75,18.21,8.47,37906.5,200827.5
2025-02-28,1243741.75,388293.75,31.22,160527.25,87049.5,12.91,7.0,33346.0,127181.25
2025-03-01,1099035.2,387510.45,35.26,133566.5,113459.37,12.15,10.32,24356.5,109210.0
2025-03-02,1211126.7599999998,638021.7599999999,52.68,264640.25,233789.87,21.85,19.3,88687.25,175953.0
2025-03-03,1419581.35,758137.6000000001,53.41,346980.75,271225.7,24.44,19.11,123688.75,223292.0
2025-03-04,1367662.42,728668.92,53.28,328160.25,261327.57,23.99,19.11,118209.0,209951.25
2025-03-05,1468371.19,903136.19,61.51,490426.5,275759.41,33.4,18.78,140209.75,350216.75
2025-03-06,1300265.16,736604.9099999999,56.65,316553.75,280978.22,24.35,21.61,90135.0,226418.75
2025-03-07,1178336.22,573536.47,48.67,157935.75,276951.59,13.4,23.5,37171.25,120764.5
2025-03-08,1084923.2799999998,616122.7799999999,56.79,205175.0,276344.31,18.91,25.47,37259.5,167915.5
2025-03-09,1039880.7999999999,607773.7999999999,58.45,200675.5,274183.01,19.3,26.37,65178.0,135497.5
2025-03-10,1064956.38,429941.13,40.37,101720.75,195868.02,9.55,18.39,25068.5,76652.25
2025-03-11,1149415.8399999999,405572.08999999997,35.29,115272.25,156305.86,10.03,13.6,38408.25,76864.0
2025-03-12,1119694.49,328703.24000000005,29.36,101480.25,90916.45,9.06,8.12,24641.0,76839.25
2025-03-13,1165985.6600000001,377993.41000000003,32.42,125002.25,114235.63,10.72,9.8,55748.0,69254.25
2025-03-14,1161401.9,403543.9,34.75,144915.5,117652.87,12.48,10.13,50081.75,94833.75
2025-03-15,1108028.97,600442.72,54.19,305991.5,158576.82,27.62,14.31,20635.5,285356.0
2025-03-16,1146809.06,658828.3099999999,57.45,293111.25,232471.48,25.56,20.27,65015.5,228095.75
2025-03-17,1338930.21,761718.71,56.89,359130.75,268308.47,26.82,20.04,62886.0,296244.75
2025-03-18,1305881.2799999998,696267.0299999999,53.32,221465.25,339752.68,16.96,26.02,23343.75,198121.5
2025-03-19,1258667.98,586275.4800000001,46.58,116348.5,334206.28,9.24,26.55,14108.75,102239.75
2025-03-20,1250475.29,567377.0399999999,45.37,119880.75,312618.41,9.59,25.0,16761.25,103119.5
2025-03-21,1299178.1199999999,843490.6199999999,64.92,416202.0,295731.93,32.04,22.76,77071.25,339130.75
2025-03-22,1373650.66,1077206.16,78.42,687042.0,260512.9,50.02,18.97,72427.75,614614.25
2025-03-23,1103877.81,703450.8099999999,63.73,387739.75,183685.93,35.13,16.64,110747.75,276992.0
2025-03-24,1140015.31,372637.81000000006,32.69,61100.0,177996.21,5.36,15.61,10981.75,50118.25
2025-03-25,1247564.0699999998,583298.32,46.75,251497.75,197587.68,20.16,15.84,84571.25,166926.5
2025-03-26,1246707.31,517370.55999999994,41.5,272070.0,110776.74,21.82,8.89,61577.75,210492.25
2025-03-27,1221356.7000000002,587134.9500000001,48.07,203664.0,252725.35,16.68,20.69,101140.25,102523.75
2025-03-28,1266251.06,691501.8099999999,54.61,225291.25,333176.3,17.79,26.31,77940.75,147350.5
2025-03-29,1055914.4899999998,611778.9899999999,57.94,280191.75,199314.93,26.54,18.88,39464.25,240727.5
2025-03-30,1249814.44,1001087.1900000001,80.1,721031.75,154325.41,57.69,12.35,72105.5,648926.25
2025-03-31,1264238.35,714435.85,56.51,426516.75,155545.0,33.74,12.3,59466.5,367050.25
2025-04-01,1258804.25,710062.5,56.41,308631.25,269969.5,24.52,21.45,21155.75,287475.5
2025-04-02,1384252.0,966837.0,69.85,515418.5,322821.75,37.23,23.32,68540.25,446878.25
2025-04-03,1293878.5,813746.0,62.89,315544.0,368875.5,24.39,28.51,46248.25,269295.75
2025-04-04,1180256.75,645912.75,54.73,145121.5,370820.0,12.3,31.42,30976.75,114144.75
2025-04-05,1122773.0,832712.5,74.17,380196.75,326259.5,33.86,29.06,62731.5,317465.25
2025-04-06,1038430.0,754142.75,72.62,273823.0,355100.25,26.37,34.2,32875.5,240947.5
2025-04-07,1204861.0,662411.0,54.98,179945.0,355954.5,14.93,29.54,20227.5,159717.5
2025-04-08,1148984.0,543395.25,47.29,64136.75,348351.75,5.58,30.32,2013.25,62123.5
2025-04-09,1197701.75,651012.0,54.36,230249.75,290773.0,19.22,24.28,64938.5,165311.25
2025-04-10,1253935.5,707557.5,56.43,284240.75,293471.75,22.67,23.4,58717.0,225523.75
2025-04-11,1373108.75,910515.25,66.31,455491.5,321993.75,33.17,23.45,51840.75,403650.75
2025-04-12,1054954.75,677638.5,64.23,180103.0,366719.0,17.07,34.76,39860.5,140242.5
2025-04-13,1151637.5,856467.5,74.37,525628.0,201453.75,45.64,17.49,94471.25,431156.75
2025-04-14,1155232.75,600223.5,51.96,161678.75,303543.0,14.0,26.28,34495.5,127183.25
2025-04-15,1381315.5,904000.25,65.44,510611.0,260386.25,36.97,18.85,98527.75,412083.25
2025-04-16,1157301.25,631598.0,54.58,224735.75,271589.5,19.42,23.47,33681.0,191054.75
2025-04-17,1239078.75,684494.75,55.24,381605.5,162966.25,30.8,13.15,39889.0,341716.5
2025-04-18,945539.75,468608.25,49.56,239609.5,90705.5,25.34,9.59,34877.75,204731.75
2025-04-19,869646.5,521671.25,59.99,110437.0,273892.5,12.7,31.49,39414.75,71022.25
2025-04-20,876961.0,571559.25,65.17,122706.25,315270.25,13.99,35.95,21614.25,101092.0
2025-04-21,815813.0,442764.25,54.27,70591.5,239729.5,8.65,29.39,2751.5,67840.0
2025-04-22,1005550.0,466627.25,46.41,76524.0,254611.5,7.61,25.32,3932.25,72591.75
2025-04-23,1078044.5,512611.0,47.55,107372.25,269961.75,9.96,25.04,25678.5,81693.75
2025-04-24,1049774.25,534507.0,50.92,229301.25,164951.25,21.84,15.71,49004.25,180297.0
2025-04-25,957203.0,484889.5,50.66,134800.0,202337.5,14.08,21.14,7054.5,127745.5
2025-04-26,1032205.75,738949.75,71.59,239994.75,347937.0,23.25,33.71,11538.0,228456.75
2025-04-27,1005623.0,743221.0,73.91,214673.25,382400.5,21.35,38.03,33563.75,181109.5
2025-04-28,1081208.5,625288.0,57.83,63447.0,412575.0,5.87,38.16,15669.0,47778.0
2025-04-29,1117860.5,658910.5,58.94,107361.5,402054.5,9.6,35.97,20360.25,87001.25
2025-04-30,1058562.5,611250.25,57.74,69952.0,403548.75,6.61,38.12,14121.0,55831.0
2025-05-01,913572.75,598208.0,65.48,74493.25,395093.75,8.15,43.25,9210.0,65283.25
2025-05-02,1008198.5,738209.25,73.22,251137.5,355497.75,24.91,35.26,43074.0,208063.5
2025-05-03,900769.5,649068.5,72.06,273419.75,243919.5,30.35,27.08,65942.0,207477.75
2025-05-04,1025312.5,794484.75,77.49,449658.5,213836.5,43.86,20.86,98710.0,350948.5
2025-05-05,1059265.0,699679.75,66.05,300329.25,259846.0,28.35,24.53,63038.25,237291.0
2025-05-06,1151364.5,775618.0,67.37,285862.5,345739.0,24.83,30.03,81533.0,204329.5
2025-05-07,1115748.75,664324.25,59.54,194420.25,325819.25,17.43,29.2,26476.75,167943.5
2025-05-08,1096827.0,643870.5,58.7,189851.25,309427.5,17.31,28.21,14476.0,175375.25
2025-05-09,1118721.0,700923.5,62.65,144362.25,415645.5,12.9,37.15,13023.25,131339.0
2025-05-10,959999.0,654518.75,68.18,119421.25,400205.0,12.44,41.69,6748.75,112672.5
2025-05-11,1023446.75,785109.0,76.71,247456.75,406994.0,24.18,39.77,42860.5,204596.25
2025-05-12,1262966.25,945038.0,74.83,374945.5,437928.0,29.69,34.67,92347.0,282598.5
2025-05-13,1171397.0,754149.25,64.38,182801.75,438599.5,15.61,37.44,45296.0,137505.75
2025-05-14,1193961.5,828182.25,69.36,284748.5,413062.0,23.85,34.6,57561.25,227187.25
2025-05-15,1252690.25,897274.25,71.63,400657.25,366984.0,31.98,29.3,68438.75,332218.5
2025-05-16,1154791.5,799693.0,69.25,328000.75,340333.0,28.4,29.47,69110.25,258890.5
2025-05-17,1043005.0,754993.5,72.39,327987.25,298016.0,31.45,28.57,49600.5,278386.75
2025-05-18,967319.25,675753.75,69.86,251290.5,295843.0,25.98,30.58,31171.0,220119.5
2025-05-19,1064247.0,613569.25,57.65,131243.25,352631.25,12.33,33.13,18615.25,112628.0
2025-05-20,1130385.0,666385.25,58.95,146870.25,388609.5,12.99,34.38,52793.25,94077.0
2025-05-21,1332121.5,917904.25,68.91,462628.25,325846.5,34.73,24.46,107663.0,354965.25
2025-05-22,1371730.5,974578.0,71.05,578881.75,261699.75,42.2,19.08,107529.25,471352.5
2025-05-23,1246036.5,894927.75,71.82,423610.0,332141.75,34.0,26.66,97709.25,325900.75
2025-05-24,1103416.75,857267.0,77.69,389605.75,333223.25,35.31,30.2,72221.5,317384.25
2025-05-25,1061748.75,848239.5,79.89,556812.5,163808.75,52.44,15.43,114515.25,442297.25
2025-05-26,1155801.0,837100.25,72.43,375461.75,325922.75,32.48,28.2,94392.75,281069.0
2025-05-27,1258919.5,939000.0,74.59,549132.75,252952.25,43.62,20.09,77708.25,471424.5
2025-05-28,1233553.25,895373.0,72.58,570044.75,186610.0,46.21,15.13,32068.25,537976.5
2025-05-29,1023227.0,760760.75,74.35,319842.25,297413.5,31.26,29.07,77737.75,242104.5
2025-05-30,1210927.25,957586.75,79.08,455783.75,359505.0,37.64,29.69,114781.25,341002.5
2025-05-31,892620.0,592506.25,66.38,78803.5,373985.0,8.83,41.9,15099.0,63704.5
2025-06-01,947501.0,723776.25,76.39,305795.25,282583.5,32.27,29.82,49641.0,256154.25
2025-06-02,1027645.5,641643.5,62.44,224820.0,270886.5,21.88,26.36,63616.25,161203.75
2025-06-03,1114686.75,762498.25,68.4,250748.5,364609.5,22.49,32.71,87302.5,163446.0
2025-06-04,1093967.75,779996.5,71.3,382479.25,250030.75,34.96,22.86,91725.25,290754.0
2025-06-05,1120385.75,805239.5,71.87,401954.0,252829.5,35.88,22.57,74561.0,327393.0
2025-06-06,1355979.75,1122353.25,82.77,699907.0,276173.5,51.62,20.37,93322.0,606585.0
2025-06-07,969385.5,716505.25,73.91,343727.75,224722.5,35.46,23.18,19863.75,323864.0
2025-06-08,1129715.5,946621.5,83.79,564181.0,241622.25,49.94,21.39,36654.75,527526.25
2025-06-09,1071239.0,839125.0,78.33,331971.0,360182.0,30.99,33.62,59841.0,272130.0
2025-06-10,1244359.5,995752.5,80.02,585522.5,266028.25,47.05,21.38,127123.0,458399.5
2025-06-11,1164639.25,850870.25,73.06,292430.0,412606.0,25.11,35.43,42523.75,249906.25
2025-06-12,1218052.75,917899.25,75.36,317244.25,456031.5,26.05,37.44,54192.5,263051.75
2025-06-13,1347554.5,1055489.75,78.33,454781.75,459015.75,33.75,34.06,86400.25,368381.5
2025-06-14,1159101.75,915095.5,78.95,356715.0,419659.25,30.78,36.21,74290.5,282424.5
2025-06-15,902078.25,644618.5,71.46,234786.75,271101.0,26.03,30.05,40913.5,193873.25
2025-06-16,1149831.75,775547.25,67.45,293571.0,334467.0,25.53,29.09,57251.0,236320.0
2025-06-17,1130183.5,708703.25,62.71,123727.5,437433.0,10.95,38.7,58218.75,65508.75
2025-06-18,1172850.0,734493.25,62.62,166915.5,421464.5,14.23,35.94,36731.25,130184.25
2025-06-19,1151726.25,849718.5,73.78,287728.25,422383.25,24.98,36.67,45394.25,242334.0
2025-06-20,1045560.75,729621.5,69.78,109862.5,477677.25,10.51,45.69,10058.75,99803.75
2025-06-21,968910.25,659259.5,68.04,77317.75,442377.25,7.98,45.66,16023.0,61294.75
2025-06-22,998421.25,764405.5,76.56,229351.25,403751.0,22.97,40.44,57305.75,172045.5
2025-06-23,1368740.5,1105894.75,80.8,671702.25,301413.25,49.07,22.02,76475.5,595226.75
2025-06-24,1426953.25,1137393.0,79.71,667942.75,336601.75,46.81,23.59,98479.75,569463.0
2025-06-25,1340570.5,940610.25,70.16,415533.5,386996.75,31.0,28.87,43150.5,372383.0
2025-06-26,1205805.5,810933.25,67.25,377725.75,295893.25,31.33,24.54,49668.25,328057.5
2025-06-27,1248920.0,867347.5,69.45,486128.5,242821.25,38.92,19.44,97144.5,388984.0
2025-06-28,1157895.5,919501.25,79.41,412682.5,376859.75,35.64,32.55,115999.0,296683.5
2025-06-29,1099763.5,847537.25,77.07,325483.25,394228.0,29.6,35.85,60528.5,264954.75
2025-06-30,1169957.0,721286.5,61.65,132696.75,453661.75,11.34,38.78,24506.5,108190.25
2025-07-01,1222192.3800000001,711935.3800000001,58.25,142372.68,434800.37,11.65,35.58,36228.29,106144.39
2025-07-02,1247295.4100000001,770235.41,61.75,227451.53,411115.1,18.24,32.96,45341.54,182109.99
2025-07-03,1254488.7999999998,840767.2999999999,67.02,383883.66,320529.32,30.6,25.55,61571.42,322312.24
2025-07-04,1162551.62,727267.3700000001,62.56,183540.53,410020.31,15.79,35.27,77062.75,106477.78
2025-07-05,1166390.22,889956.22,76.3,401161.48,358224.83,34.39,30.71,97328.54,303832.94
2025-07-06,984205.17,681664.42,69.26,306580.0,243697.84,31.15,24.76,41753.8,264826.2
2025-07-07,1094548.1800000002,653881.18,59.74,275400.78,243269.74,25.16,22.23,77294.19,198106.59
2025-07-08,1187362.12,796476.12,67.08,385958.75,272650.79,32.51,22.96,88459.02,297499.73
2025-07-09,1135552.23,701326.48,61.76,279304.04000000004,278965.37,24.6,24.57,23914.75,255389.29
2025-07-10,1082084.06,627047.81,57.95,130519.94,356524.75,12.06,32.95,19673.56,110846.38
2025-07-11,1111461.67,704644.92,63.4,246540.1,322149.08,22.18,28.98,44652.19,201887.91
2025-07-12,923540.1599999999,631782.9099999999,68.41,249504.50999999998,248430.57,27.02,26.9,67284.4,182220.11
2025-07-13,875653.82,559258.82,63.87,109635.22,318488.42,12.52,36.37,35055.01,74580.21
2025-07-14,1011865.6299999999,537124.8799999999,53.08,122984.33,282544.81,12.15,27.92,4850.72,118133.61
2025-07-15,1077665.5499999998,647675.5499999999,60.1,244292.72999999998,271871.18,22.67,25.23,40881.61,203411.12
2025-07-16,1117519.55,632398.55,56.59,238784.5,258423.95,21.37,23.12,28421.54,210362.96
2025-07-17,1205726.41,725388.6599999999,60.16,328102.61,256549.38,27.21,21.28,64024.43,264078.18
2025-07-18,1052546.27,510520.01999999996,48.5,39052.530000000006,330089.08,3.71,31.36,3358.37,35694.16
2025-07-19,1021247.4299999999,674423.4299999999,66.04,142256.71,395944.55,13.93,38.77,28095.99,114160.72
2025-07-20,986465.51,680082.76,68.94,198730.6,346510.83,20.15,35.13,49195.79,149534.81
2025-07-21,1002049.49,504830.49000000005,50.38,198435.09,162923.78,19.8,16.26,27086.69,171348.4
2025-07-22,1166601.1199999999,788521.6199999999,67.59,383030.55,256371.82,32.83,21.98,29914.94,353115.61
2025-07-23,1345708.75,970172.75,72.09,534831.48,286726.11,39.74,21.31,85497.33,449334.15
2025-07-24,1044012.4099999999,482509.41,46.22,96114.93000000001,240660.1,9.21,23.05,23638.19,72476.74
2025-07-25,1020639.39,531769.64,52.1,128450.44,255492.37,12.59,25.03,33619.39,94831.05
2025-07-26,874200.1699999999,463408.67,53.01,67705.5,244360.37,7.74,27.95,19075.19,48630.31
2025-07-27,800344.46,504778.45999999996,63.07,110989.90000000001,242725.84,13.87,30.33,25045.3,85944.6
2025-07-28,1014888.12,707763.37,69.74,320880.81999999995,232298.07,31.62,22.89,47715.97,273164.85
2025-07-29,1158247.35,852684.6,73.62,404273.22000000003,297592.07,34.9,25.69,111702.27,292570.95
2025-07-30,1143444.05,821581.3,71.85,421928.76,249140.8,36.9,21.79,134428.65,287500.11
2025-07-31,1125957.2,807701.45,71.73,426350.65,227281.43,37.87,20.19,89076.0,337274.65
2025-08-01,960637.6799999999,630187.6799999999,65.6,213656.56,262545.38,22.24,27.33,32416.27,181240.29
2025-08-02,951326.96,692115.96,72.75,285642.08999999997,251568.89,30.03,26.44,102877.28,182764.81
2025-08-03,960987.3099999999,764349.3099999999,79.54,398808.23,212868.3,41.5,22.15,104355.74,294452.49
2025-08-04,1101710.37,846309.8700000001,76.82,451536.17000000004,239098.15,40.99,21.7,91547.34,359988.83
2025-08-05,1208151.31,985510.5599999999,81.57,588570.12,249498.11,48.72,20.65,142311.45,446258.67
2025-08-06,1129117.5300000003,878625.0300000001,77.82,369765.06,355808.82,32.75,31.51,100669.11,269095.95
2025-08-07,992390.97,693895.22,69.92,162489.02000000002,379929.01,16.37,38.28,57804.17,104684.85
2025-08-08,1012993.99,686704.49,67.79,191375.74,347118.41,18.89,34.27,36316.91,155058.83
2025-08-09,926279.4700000001,636362.7200000001,68.7,126824.02,365313.57,13.69,39.44,31480.14,95343.88
2025-08-10,981618.5499999999,742515.2999999999,75.64,224735.57,379155.11,22.89,38.63,38544.58,186190.99
2025-08-11,1016767.5,643210.25,63.26,78418.36,421734.11,7.71,41.48,5474.15,72944.21
2025-08-12,1114762.02,674530.2699999999,60.51,159217.22999999998,373474.07,14.28,33.5,23445.12,135772.11
2025-08-13,1129980.78,671777.03,59.45,150301.63999999998,382366.82,13.3,33.84,28642.8,121658.84
2025-08-14,1085021.9500000002,597301.4500000001,55.05,98051.51999999999,360749.1,9.04,33.25,33922.95,64128.57
2025-08-15,1067960.6099999999,697840.36,65.34,205617.5,359752.64,19.25,33.69,44640.22,160977.28
2025-08-16,1017518.52,763626.52,75.05,366661.43,265769.28,36.03,26.12,105957.25,260704.18
2025-08-17,896704.55,613764.05,68.45,165360.33000000002,315436.83,18.44,35.18,48866.26,116494.07
2025-08-18,1048998.64,603994.8899999999,57.58,58917.2,410042.37,5.62,39.09,1941.49,56975.71
2025-08-19,1080984.83,647278.3300000001,59.88,112403.11,401907.49,10.4,37.18,30264.06,82139.05
2025-08-20,1063795.24,623229.49,58.59,184160.25999999998,304383.51,17.31,28.61,49642.02,134518.24
2025-08-21,1121969.2799999998,709929.0299999999,63.28,287628.62,283324.99,25.64,25.25,70636.79,216991.83
2025-08-22,1111240.52,795667.27,71.6,398032.48,251560.33,35.82,22.64,109670.59,288361.89
2025-08-23,1016274.02,764888.02,75.26,378985.1,243412.04,37.29,23.95,98359.91,280625.19
2025-08-24,902521.41,636856.91,70.56,204406.19,294082.88,22.65,32.58,47760.14,156646.05
2025-08-25,1002540.4199999999,619195.6699999999,61.76,143669.06,336809.68,14.33,33.6,23255.73,120413.33
2025-08-26,1082658.52,609861.52,56.33,113218.51000000001,360119.52,10.46,33.26,28374.6,84843.91
2025-08-27,1114047.23,643677.23,57.78,226365.11000000002,282030.18,20.32,25.32,34444.85,191920.26
2025-08-28,941167.72,395135.47000000003,41.98,117656.75,141631.07,12.5,15.05,16979.31,100677.44
2025-08-29,1030732.5,600693.0,58.28,196586.94,262587.15,19.07,25.48,42327.55,154259.39
2025-08-30,943583.4700000001,649042.2200000001,68.78,237062.83000000002,271338.03,25.12,28.76,43959.07,193103.76
2025-08-31,960708.28,701924.78,73.06,262114.76,306862.64,27.28,31.94,72190.14,189924.62
2025-09-01,1017713.21,569764.21,55.98,228532.05,204545.08,22.46,20.1,39458.64,189073.41
2025-09-02,1035708.85,553506.6,53.44,188809.78,224506.03,18.23,21.68,38091.94,150717.84
2025-09-03,1321414.61,985122.1100000001,74.55,577024.68,272326.09,43.67,20.61,101172.36,475852.32
2025-09-04,1189144.1,803140.6,67.54,393098.02999999997,272012.37,33.06,22.87,81259.67,311838.36
2025-09-05,1071001.43,574782.9299999999,53.67,228356.13,204634.17,21.32,19.11,47838.66,180517.47
2025-09-06,953722.7000000001,575544.7000000001,60.35,83057.06,348876.49,8.71,36.58,13047.8,70009.26
2025-09-07,1063867.24,833943.24,78.39,377747.73,322542.97,35.51,30.32,85563.86,292183.87
2025-09-08,1117411.9700000002,611809.2200000001,54.75,229985.78000000003,239621.38,20.58,21.44,60347.3,169638.48
2025-09-09,1038714.25,410995.25,39.57,103514.88,162713.98,9.97,15.66,22532.4,80982.48
2025-09-10,1003619.1699999999,395152.92,39.37,95901.12,161540.37,9.56,16.1,34958.56,60942.56
2025-09-11,1247979.79,905031.0399999999,72.52,554992.6,216501.19,44.47,17.35,115095.18,439897.42
2025-09-12,1247837.62,954705.3700000001,76.51,585859.98,234885.82,46.95,18.82,113824.21,472035.77
2025-09-13,1091510.7,851466.95,78.01,471562.98,244310.12,43.2,22.38,120418.41,351144.57
2025-09-14,941062.6699999999,670485.4199999999,71.25,297854.49,236473.57,31.65,25.13,54099.6,243754.89
2025-09-15,1434322.5,1236052.5,86.18,882307.0,224730.07,61.51,15.67,118047.89,764259.11
2025-09-16,1470923.96,1261546.21,85.77,942869.02,191934.94,64.1,13.05,118546.13,824322.89
2025-09-17,1299613.8599999999,979513.3599999999,75.37,649230.19,200156.22,49.96,15.4,144126.49,505103.7
2025-09-18,1322955.1199999999,1028955.3699999999,77.78,655262.81,245392.2,49.53,18.55,144165.25,511097.56
2025-09-19,1181248.24,796072.99,67.39,358697.37,310485.95,30.37,26.28,105316.8,253380.57
2025-09-20,1106691.76,869565.51,78.57,456821.09,289091.87,41.28,26.12,106267.76,350553.33
2025-09-21,1092763.39,857267.3899999999,78.45,566221.49,169127.1,51.82,15.48,130147.51,436073.98
2025-09-22,1086187.8599999999,664398.11,61.17,411010.1,122161.06,37.84,11.25,119721.8,291288.3
2025-09-23,1178149.51,622160.01,52.81,287177.03,194359.72,24.38,16.5,38264.03,248913.0
2025-09-24,1335764.2799999998,952416.0299999999,71.3,654257.7999999999,160311.32,48.98,12.0,61964.47,592293.33
2025-09-25,1366205.7,978944.7,71.65,724101.3400000001,113079.68,53.0,8.28,117478.29,606623.05
2025-09-26,1237486.1600000001,777092.91,62.8,509229.31,124492.02,41.15,10.06,141646.8,367582.51
2025-09-27,935917.36,533671.86,57.02,243150.64,148047.12,25.98,15.82,72770.5,170380.14
2025-09-28,890701.7,468015.7,52.54,112933.47,216290.33,12.68,24.28,21991.6,90941.87
2025-09-29,1102101.72,465135.72000000003,42.2,115786.91,209935.91,10.51,19.05,22006.88,93780.03
2025-09-30,1122904.48,456565.23,40.66,146330.85,170810.27,13.03,15.21,20370.51,125960.34
2025-10-01,1198179.75,536642.25,44.79,167402.5,226638.91,13.97,18.92,35978.48,131424.02
2025-10-02,1206203.33,632775.0800000001,52.46,220232.61,268752.06,18.26,22.28,71827.54,148405.07
2025-10-03,1179813.25,882914.0,74.84,511732.48,230704.36,43.37,19.55,114383.9,397348.58
2025-10-04,1339297.3699999999,1158500.8699999999,86.5,942616.84,85342.14,70.38,6.37,107280.33,835336.51
2025-10-05,1369563.77,1176774.27,85.92,929892.89,117207.8,67.9,8.56,98388.74,831504.15
2025-10-06,1362330.65,879974.6499999999,64.59,673615.8099999999,69739.12,49.45,5.12,76083.7,597532.11
2025-10-07,1086764.08,381443.58,35.1,161101.68,76770.39,14.82,7.06,53187.92,107913.76
2025-10-08,1132117.1600000001,393845.41000000003,34.79,136841.64,114827.78,12.09,10.14,44836.16,92005.48
2025-10-09,1245402.29,522949.29000000004,41.99,276372.0,106793.52,22.19,8.58,89290.32,187081.68
2025-10-10,1297258.21,712245.71,54.9,489911.29,84678.64,37.77,6.53,108895.98,381015.31
2025-10-11,1050743.72,587829.97,55.94,354797.16,100421.09,33.77,9.56,73501.68,281295.48
2025-10-12,974036.6699999999,490702.42,50.38,270885.23,90995.12,27.81,9.34,74705.67,196179.56
2025-10-13,1069406.19,321317.44,30.05,62950.71,122242.28,5.89,11.43,20767.29,42183.42
2025-10-14,1198491.6,419001.60000000003,34.96,154066.69,129891.56,12.86,10.84,47918.32,106148.37
2025-10-15,1165718.5,362163.17,31.07,121762.84,103797.98,10.45,8.9,55222.81,66540.03
2025-10-16,1263947.85,542458.23,42.92,309869.44,99141.68,24.52,7.84,116980.05,192889.39
2025-10-17,1270382.91,550391.46,43.32,324522.06,93471.41,25.55,7.36,92662.84,231859.22
2025-10-18,1069323.87,528083.03,49.38,192914.72,206085.89,18.04,19.27,37915.88,154998.84
2025-10-19,1118595.71,802796.11,71.77,513831.94,164018.95,45.94,14.66,103531.57,410300.37
2025-10-20,1337497.6600000001,924947.2,69.16,697453.6,98744.11,52.15,7.38,148934.53,548519.07
2025-10-21,1443191.5100000002,1050045.1600000001,72.76,805031.46,117762.55,55.78,8.16,140354.69,664676.77
2025-10-22,1244969.12,554363.53,44.53,337363.96,81191.38,27.1,6.52,88310.83,249053.13
2025-10-23,1424232.45,1038244.2899999999,72.9,841750.31,61725.73,59.1,4.33,99428.01,742322.3
2025-10-24,1584465.8699999999,1331857.0799999998,84.06,1094988.27,101120.9,69.11,6.38,107423.06,987565.21
2025-10-25,1448614.1899999997,1226999.0299999998,84.7,1018923.82,72376.98,70.34,5.0,153683.12,865240.7
2025-10-26,1545599.9999999998,1340912.4799999997,86.76,1110819.0,89482.64,71.87,5.79,145227.91,965591.09
2025-10-27,1491722.0300000003,1181506.59,79.2,971955.9299999999,67405.32,65.16,4.52,124085.7,847870.23
2025-10-28,1540814.96,1215068.48,78.86,1007932.4099999999,63540.35,65.42,4.12,132155.21,875777.2
2025-10-29,1397737.14,957455.2599999999,68.5,682773.5599999999,132634.07,48.85,9.49,141836.24,540937.32
2025-10-30,1472476.73,1061122.99,72.06,781717.28,136908.28,53.09,9.3,94171.98,687545.3
2025-10-31,1182834.02,705274.81,59.63,431338.44999999995,128209.43,36.47,10.84,102863.72,328474.73
2025-11-01,1144385.72,883996.9299999999,77.25,659334.75,82441.12,57.61,7.2,132104.93,527229.82
2025-11-02,962302.98,588822.7100000001,61.19,393148.95,52161.67,40.86,5.42,79070.76,314078.19
2025-11-03,1340784.6099999999,899874.1799999999,67.12,640034.52,114893.67,47.74,8.57,109466.81,530567.71
2025-11-04,1357581.2,874292.7799999999,64.4,589334.19,140137.19,43.41,10.32,136529.59,452804.6
2025-11-05,1334843.48,784512.49,58.77,480565.73,159141.12,36.0,11.92,119320.37,361245.36
2025-11-06,1275259.18,562701.64,44.12,280182.7,137634.07,21.97,10.79,38418.39,241764.31
2025-11-07,1172240.51,362132.78,30.89,123447.52,90241.46,10.53,7.7,13557.03,109890.49
2025-11-08,1018507.47,232215.99999999997,22.8,30617.170000000002,55959.28,3.01,5.49,1294.43,29322.74
2025-11-09,961395.8,233564.53,24.29,57997.71,32512.51,6.03,3.38,7889.96,50107.75
2025-11-10,1183633.19,397744.83999999997,33.6,182224.22,68047.73,15.4,5.75,56215.05,126009.17
2025-11-11,1306109.5,659415.58,50.49,435295.20999999996,81354.84,33.33,6.23,112855.1,322440.11
2025-11-12,1385996.8,873292.8500000001,63.01,624875.11,106796.51,45.08,7.71,126299.78,498575.33
2025-11-13,1437236.7,962765.28,66.99,718424.4,105613.03,49.99,7.35,97343.75,621080.65
2025-11-14,1243699.25,545382.84,43.85,347813.89,55257.76,27.97,4.44,76669.53,271144.36
2025-11-15,1241090.0,739615.37,59.59,550942.32,50640.96,44.39,4.08,124565.97,426376.35
2025-11-16,1014049.13,435740.26,42.97,241562.47,57424.76,23.82,5.66,76997.28,164565.19
2025-11-17,1391289.43,696655.82,50.07,508470.56,49514.63,36.55,3.56,152879.14,355591.42
2025-11-18,1503898.8900000001,797524.49,53.03,576588.6799999999,80537.04,38.34,5.36,88404.27,488184.41
2025-11-19,1452701.45,666168.99,45.86,454209.73,71964.97,31.27,4.95,80209.75,373999.98
2025-11-20,1389617.1800000002,528856.21,38.06,340629.13,46819.67,24.51,3.37,54490.62,286138.51
2025-11-21,1338606.93,404194.62,30.2,171471.93,92640.71,12.81,6.92,45863.37,125608.56
2025-11-22,1270924.54,693203.45,54.54,448602.99,115208.91,35.3,9.06,127261.2,321341.79
2025-11-23,1368723.84,904799.9400000001,66.11,680682.24,98254.3,49.73,7.18,134121.75,546560.49
2025-11-24,1382900.7000000002,581766.6000000001,42.07,419546.37,25668.56,30.34,1.86,85511.46,334034.91
2025-11-25,1260088.22,312214.2,24.78,131553.12,32120.43,10.44,2.55,66374.54,65178.58
2025-11-26,1270991.48,338349.32,26.62,154492.07,31654.43,12.16,2.49,22951.73,131540.34
2025-11-27,1495311.56,877968.68,58.71,683957.27,51637.53,45.74,3.45,139225.35,544731.92
2025-11-28,1450993.71,847167.7,58.39,662950.9,43795.46,45.69,3.02,142513.33,520437.57
2025-11-29,1198290.6,667623.36,55.71,492549.18999999994,39370.51,41.1,3.29,133952.15,358597.04
2025-11-30,1266667.62,762115.38,60.17,586988.0900000001,41455.27,46.34,3.27,133942.88,453045.21
2025-12-01,1415703.28,854141.79,60.33,641533.5700000001,76397.96,45.32,5.4,133733.95,507799.62
2025-12-02,1434258.04,762501.6000000001,53.16,562466.24,58644.25,39.22,4.09,123252.96,439213.28
2025-12-03,1237645.0699999998,299430.43000000005,24.19,116320.86,34080.97,9.4,2.75,28166.37,88154.49
2025-12-04,1273841.07,368535.66,28.93,188590.18,33752.74,14.8,2.65,49987.97,138602.21
2025-12-05,1219060.89,297761.1,24.43,123385.73999999999,25185.32,10.12,2.07,38206.35,85179.39
2025-12-06,1282340.74,874273.09,68.18,705585.95,30824.4,55.02,2.4,157856.13,547729.82
2025-12-07,1168532.29,763895.8099999999,65.37,597081.49,29433.09,51.1,2.52,107116.95,489964.54
2025-12-08,1481261.58,1038928.96,70.14,853737.77,41080.11,57.64,2.77,153766.49,699971.28
2025-12-09,1331233.08,787706.8300000001,59.17,581515.3300000001,58538.78,43.68,4.4,138413.19,443102.14
2025-12-10,1438598.3399999999,896622.8899999999,62.33,711264.88,39742.96,49.44,2.76,156717.41,554547.47
2025-12-11,1413717.91,802769.71,56.78,610919.92,50079.49,43.21,3.54,157549.42,453370.5
2025-12-12,1177946.15,384941.06,32.68,197009.15999999997,45947.57,16.72,3.9,51578.14,145431.02
2025-12-13,1123769.7000000002,481594.41000000003,42.86,317837.30000000005,22223.23,28.28,1.98,92964.91,224872.39
2025-12-14,1186817.18,706758.0,59.55,535969.06,32298.88,45.16,2.72,164165.62,371803.44
2025-12-15,1354707.77,780255.92,57.6,575832.8300000001,64724.31,42.51,4.78,136095.99,439736.84
2025-12-16,1333601.0099999998,553017.94,41.47,350173.54,56399.81,26.26,4.23,60295.19,289878.35
2025-12-17,1299028.74,484327.38,37.28,286963.42,52360.1,22.09,4.03,45212.73,241750.69
2025-12-18,1420529.28,1009097.4500000001,71.04,797141.0700000001,73349.38,56.12,5.16,149184.95,647956.12
2025-12-19,1334174.8599999999,871434.3999999999,65.32,701450.25,31060.44,52.58,2.33,137527.02,563923.23
2025-12-20,1020040.0799999998,360844.95,35.38,175510.08,46739.05,17.21,4.58,42990.59,132519.49
2025-12-21,1121815.91,652838.2,58.19,463003.18999999994,55395.45,41.27,4.94,99891.59,363111.6
2025-12-22,1316847.0999999999,833384.9999999999,63.29,673747.98,22601.21,51.16,1.72,162746.19,511001.79
2025-12-23,1428296.3800000001,1001255.5700000001,70.1,847405.4800000001,16665.72,59.33,1.17,175514.42,671891.06
2025-12-24,1348692.4500000002,1012428.81,75.07,845699.11,34617.73,62.71,2.57,136097.26,709601.85
2025-12-25,1143843.3900000001,733962.62,64.17,520411.44,80813.03,45.5,7.07,75068.14,445343.3
2025-12-26,993599.27,469247.6,47.23,260801.81,77619.35,26.25,7.81,20631.23,240170.58
2025-12-27,1114670.38,628541.68,56.39,424926.97,73010.26,38.12,6.55,115001.67,309925.3
2025-12-28,1014582.53,506983.58,49.97,295603.31,81037.05,29.14,7.99,61192.36,234410.95
2025-12-29,1324314.16,789238.74,59.6,610458.47,48582.26,46.1,3.67,164340.15,446118.32
2025-12-30,1254218.61,750833.8200000001,59.86,545545.32,72754.78,43.5,5.8,148793.33,396751.99
2025-12-31,1422198.3099999998,954939.5199999999,67.15,781525.45,43104.19,54.95,3.03,141325.0,640200.45
2026-01-01,1602344.1500000001,1259864.2100000002,78.63,1092091.59,42499.12,68.16,2.65,104966.08,987125.51
2026-01-02,1626441.7999999998,1177019.2,72.37,1025759.3200000001,25409.46,63.07,1.56,100687.79,925071.53
2026-01-03,1411861.31,962979.4,68.21,804818.99,32946.23,57.0,2.33,120434.64,684384.35
2026-01-04,1288773.84,714261.93,55.42,550540.11,39768.54,42.72,3.09,62204.95,488335.16
2026-01-05,1362491.5,483262.88,35.47,305970.25,42814.89,22.46,3.14,49517.3,256452.95
2026-01-06,1322549.4400000002,398140.46,30.1,226919.0,27538.82,17.16,2.08,59966.09,166952.91
2026-01-07,1701945.8599999999,906111.4999999999,53.24,719700.5399999999,55040.72,42.29,3.23,140650.34,579050.2
2026-01-08,1456284.41,543926.3200000001,37.35,391450.76999999996,16340.92,26.88,1.12,65660.23,325790.54
2026-01-09,1676305.56,1180868.33,70.44,1018825.12,27382.53,60.78,1.63,123611.49,895213.63
2026-01-10,1385742.25,747932.4799999999,53.97,596623.23,18777.22,43.05,1.36,117799.76,478823.47
2026-01-11,1215111.13,545409.28,44.89,376599.63,39792.54,30.99,3.27,99852.51,276747.12
2026-01-12,1488307.9700000002,711441.1400000001,47.8,570441.21,10800.31,38.33,0.73,134693.0,435748.21
2026-01-13,1453151.23,691442.6,47.58,518154.64,38834.31,35.66,2.67,109703.08,408451.56
2026-01-14,1464776.46,697364.9100000001,47.61,519021.98,43833.18,35.43,2.99,89817.12,429204.86
2026-01-15,1439030.3900000001,782087.7300000001,54.35,583579.8400000001,66046.93,40.55,4.59,122423.13,461156.71
2026-01-16,1508881.25,783251.9800000001,51.91,549560.24,100903.18,36.42,6.69,100194.89,449365.35
2026-01-17,1273671.13,500422.12,39.29,306860.15,61224.55,24.09,4.81,54890.11,251970.04
2026-01-18,1312607.0299999998,613342.73,46.73,401699.92,81296.12,30.6,6.19,62793.68,338906.24
2026-01-19,1478100.27,651473.4400000001,44.08,398207.37,122476.82,26.94,8.29,51393.76,346813.61
2026-01-20,1410071.44,520291.57999999996,36.9,246883.54,137552.33,17.51,9.75,45934.37,200949.17
2026-01-21,1521567.1800000002,693592.31,45.58,422511.86,136398.36,27.77,8.96,115731.34,306780.52
2026-01-22,1615838.7999999998,805722.59,49.86,557367.84,112132.1,34.49,6.94,170006.12,387361.72
2026-01-23,1619753.0,853925.0100000001,52.72,628549.0800000001,89925.57,38.81,5.55,168239.95,460309.13
2026-01-24,1386716.21,658418.11,47.48,460781.12,64709.54,33.23,4.67,181873.79,278907.33
2026-01-25,1337241.47,575880.83,43.06,413357.39,33693.09,30.91,2.52,160684.28,252673.11
2026-01-26,1516880.29,556840.14,36.71,409564.75,15422.58,27.0,1.02,150829.46,258735.29
2026-01-27,1491410.1099999999,572969.06,38.42,387714.85,53279.68,26.0,3.57,155903.19,231811.66
2026-01-28,1623269.2,690629.6699999999,42.55,524327.3200000001,35188.3,32.3,2.17,180005.26,344322.06
2026-01-29,1566000.88,626189.17,39.99,482967.32999999996,9949.57,30.84,0.64,182605.04,300362.29
2026-01-30,1562913.69,722710.2100000001,46.24,547955.7,42250.81,35.06,2.7,190460.44,357495.26
2026-01-31,1494747.9100000001,782313.63,52.34,605823.04,47861.07,40.53,3.2,180423.5,425399.54
2026-02-01,1406567.1199999999,715555.19,50.87,543908.51,44698.09,38.67,3.18,170074.71,373833.8
2026-02-02,1679589.73,927816.0299999999,55.24,738896.34,63808.63,43.99,3.8,188040.96,550855.38
2026-02-03,1755571.45,1088262.24,61.99,905619.8500000001,57300.54,51.59,3.26,182133.43,723486.42
2026-02-04,1608660.45,789118.86,49.05,596540.55,63011.33,37.08,3.92,168551.18,427989.37
2026-02-05,1523415.17,645137.49,42.35,452849.54,61419.27,29.73,4.03,182606.55,270242.99
2026-02-06,1357033.3,447154.72,32.95,272046.56,43879.73,20.05,3.23,153097.86,118948.7
2026-02-07,1220399.06,450578.89999999997,36.92,240441.53,79723.24,19.7,6.53,127220.26,113221.27
2026-02-08,1229799.05,513521.3,41.76,311676.22,71968.83,25.34,5.85,166656.35,145019.87
2026-02-09,1361306.6600000001,450781.12,33.11,251051.44,66281.78,18.44,4.87,97004.1,154047.34
2026-02-10,1482816.3900000001,594119.4500000001,40.07,360544.52,99952.91,24.31,6.74,73606.15,286938.37
2026-02-11,1501707.59,660641.2300000001,43.99,470867.99,54448.94,31.36,3.63,113155.31,357712.68
2026-02-12,1591111.02,833309.5700000001,52.37,642714.1599999999,54838.18,40.39,3.45,175092.19,467621.97
2026-02-13,1465092.86,636132.4500000001,43.42,431382.85,66990.03,29.44,4.57,133469.1,297913.75
2026-02-14,1273412.95,405334.19,31.83,230101.72,38478.47,18.07,3.02,40890.72,189211.0
2026-02-15,1299364.2999999998,694162.6199999999,53.42,441206.06,118043.7,33.96,9.08,128917.37,312288.69
2026-02-16,1541785.1099999999,811351.51,52.62,609418.42,63263.98,39.53,4.1,125622.77,483795.65
2026-02-17,1491553.4900000002,621479.68,41.67,407724.96,73567.97,27.34,4.93,71935.94,335789.02
2026-02-18,1440201.8,522515.19,36.28,282622.14,100047.26,19.62,6.95,56676.32,225945.82
2026-02-19,1677562.58,905558.0700000001,53.98,695870.89,72636.68,41.48,4.33,156973.52,538897.37
2026-02-20,1596592.7000000002,912671.8,57.16,663640.14,111456.9,41.57,6.98,164132.28,499507.86
2026-02-21,1472808.11,1120470.3800000001,76.08,926270.53,58729.78,62.89,3.99,153071.69,773198.84
2026-02-22,1413613.9000000004,1140098.8300000003,80.65,951166.96,47333.86,67.29,3.35,145580.8,805586.16
2026-02-23,1604305.0699999998,1234277.63,76.94,995189.08,100045.21,62.03,6.24,168405.21,826783.87
2026-02-24,1283314.84,433629.44,33.79,190807.29,89641.23,14.87,6.99,36161.98,154645.31
2026-02-25,1338925.7799999998,633625.8600000001,47.32,283789.76,193917.04,21.2,14.48,101402.6,182387.16
2026-02-26,1440721.4,960500.0199999999,66.67,601052.55,207245.43,41.72,14.38,156259.38,444793.17
2026-02-27,1438285.38,991921.5,68.97,594534.23,249229.92,41.34,17.33,130857.3,463676.93
2026-02-28,1337344.93,1002293.36,74.95,671051.64,186069.92,50.18,13.91,119440.86,551610.78
